experiment_id,learning_rate,epochs,feature,pc1_weight,abs_weight
exp_001,0.0001,25,Military,-0.6803819357464674,0.6803819357464674
exp_001,0.0001,25,Pop.growth,-0.4654789168193477,0.4654789168193477
exp_001,0.0001,25,GDP,-0.3793474734026145,0.3793474734026145
exp_001,0.0001,25,Life.expect,0.2848019965904029,0.2848019965904029
exp_001,0.0001,25,Inflation,0.28197678760554223,0.28197678760554223
exp_001,0.0001,25,Area,0.11585971615184822,0.11585971615184822
exp_001,0.0001,25,Unemployment,0.04958562385028097,0.04958562385028097
exp_002,0.0001,50,Military,-0.6730361992309944,0.6730361992309944
exp_002,0.0001,50,Pop.growth,-0.47458078223652794,0.47458078223652794
exp_002,0.0001,50,GDP,-0.3937809410601722,0.3937809410601722
exp_002,0.0001,50,Inflation,0.3001845243793838,0.3001845243793838
exp_002,0.0001,50,Life.expect,0.2412636137053957,0.2412636137053957
exp_002,0.0001,50,Area,0.1239943365678822,0.1239943365678822
exp_002,0.0001,50,Unemployment,0.05512214290332782,0.05512214290332782
exp_003,0.0001,100,Military,-0.6498722250370869,0.6498722250370869
exp_003,0.0001,100,Pop.growth,-0.49126513353098117,0.49126513353098117
exp_003,0.0001,100,GDP,-0.4199143992490556,0.4199143992490556
exp_003,0.0001,100,Inflation,0.332777835920507,0.332777835920507
exp_003,0.0001,100,Life.expect,0.16078468555828812,0.16078468555828812
exp_003,0.0001,100,Area,0.1373962117148093,0.1373962117148093
exp_003,0.0001,100,Unemployment,0.06727581156585045,0.06727581156585045
exp_004,0.0001,500,Pop.growth,-0.5344435067323269,0.5344435067323269
exp_004,0.0001,500,GDP,-0.49568936473093567,0.49568936473093567
exp_004,0.0001,500,Military,-0.47849291734474014,0.47849291734474014
exp_004,0.0001,500,Inflation,0.4264084531428933,0.4264084531428933
exp_004,0.0001,500,Area,0.16758433746643459,0.16758433746643459
exp_004,0.0001,500,Unemployment,0.12369855340487636,0.12369855340487636
exp_004,0.0001,500,Life.expect,-0.12040227848747953,0.12040227848747953
exp_005,0.0001,1000,Pop.growth,-0.5372190602408418,0.5372190602408418
exp_005,0.0001,1000,GDP,-0.5031982939116557,0.5031982939116557
exp_005,0.0001,1000,Military,-0.4433441651191315,0.4433441651191315
exp_005,0.0001,1000,Inflation,0.43581223168968247,0.43581223168968247
exp_005,0.0001,1000,Area,0.1695025756215358,0.1695025756215358
exp_005,0.0001,1000,Life.expect,-0.159103533665301,0.159103533665301
exp_005,0.0001,1000,Unemployment,0.13287494389727678,0.13287494389727678
exp_006,0.0001,3000,Pop.growth,-0.5374107202785072,0.5374107202785072
exp_006,0.0001,3000,GDP,-0.5038050540788225,0.5038050540788225
exp_006,0.0001,3000,Military,-0.4401490949078624,0.4401490949078624
exp_006,0.0001,3000,Inflation,0.43657542105469765,0.43657542105469765
exp_006,0.0001,3000,Area,0.16963876584489995,0.16963876584489995
exp_006,0.0001,3000,Life.expect,-0.16245473839048968,0.16245473839048968
exp_006,0.0001,3000,Unemployment,0.13368623075758632,0.13368623075758632
exp_007,0.001,25,Pop.growth,-0.5396001983765583,0.5396001983765583
exp_007,0.001,25,GDP,-0.5159419588422063,0.5159419588422063
exp_007,0.001,25,Inflation,0.4522069656658827,0.4522069656658827
exp_007,0.001,25,Military,-0.3542924782685908,0.3542924782685908
exp_007,0.001,25,Life.expect,-0.2443011889890877,0.2443011889890877
exp_007,0.001,25,Area,0.17077144210536982,0.17077144210536982
exp_007,0.001,25,Unemployment,0.15419229774334292,0.15419229774334292
exp_008,0.001,50,GDP,-0.5122165183253106,0.5122165183253106
exp_008,0.001,50,Pop.growth,-0.5007046767760183,0.5007046767760183
exp_008,0.001,50,Life.expect,-0.4624469484528214,0.4624469484528214
exp_008,0.001,50,Inflation,0.4443353402005161,0.4443353402005161
exp_008,0.001,50,Unemployment,0.23051051417400248,0.23051051417400248
exp_008,0.001,50,Area,0.14781874519499205,0.14781874519499205
exp_008,0.001,50,Military,0.02554430952482677,0.02554430952482677
exp_009,0.001,100,GDP,-0.5001968230143271,0.5001968230143271
exp_009,0.001,100,Life.expect,-0.48567202989877806,0.48567202989877806
exp_009,0.001,100,Pop.growth,-0.4776092876338184,0.4776092876338184
exp_009,0.001,100,Inflation,0.4137461370483526,0.4137461370483526
exp_009,0.001,100,Unemployment,0.26382804130861476,0.26382804130861476
exp_009,0.001,100,Military,0.1687541968034921,0.1687541968034921
exp_009,0.001,100,Area,0.12863166695773215,0.12863166695773215
exp_010,0.001,500,GDP,-0.5004541891408012,0.5004541891408012
exp_010,0.001,500,Life.expect,-0.4829135987797102,0.4829135987797102
exp_010,0.001,500,Pop.growth,-0.4757185992994702,0.4757185992994702
exp_010,0.001,500,Inflation,0.4066363479954154,0.4066363479954154
exp_010,0.001,500,Unemployment,0.2715211720512624,0.2715211720512624
exp_010,0.001,500,Military,0.1879555076884357,0.1879555076884357
exp_010,0.001,500,Area,0.12501094236923851,0.12501094236923851
exp_011,0.001,1000,GDP,-0.5004810816538903,0.5004810816538903
exp_011,0.001,1000,Life.expect,-0.48289631348290873,0.48289631348290873
exp_011,0.001,1000,Pop.growth,-0.4757042095983156,0.4757042095983156
exp_011,0.001,1000,Inflation,0.40658538060416904,0.40658538060416904
exp_011,0.001,1000,Unemployment,0.2715792051653101,0.2715792051653101
exp_011,0.001,1000,Military,0.1880265903072037,0.1880265903072037
exp_011,0.001,1000,Area,0.12495762177553953,0.12495762177553953
exp_012,0.001,3000,GDP,-0.500482852075008,0.500482852075008
exp_012,0.001,3000,Life.expect,-0.48289476030022377,0.48289476030022377
exp_012,0.001,3000,Pop.growth,-0.47570419809233633,0.47570419809233633
exp_012,0.001,3000,Inflation,0.4065806226177223,0.4065806226177223
exp_012,0.001,3000,Unemployment,0.271584499827666,0.271584499827666
exp_012,0.001,3000,Military,0.1880326329036867,0.1880326329036867
exp_012,0.001,3000,Area,0.12495145817169012,0.12495145817169012
exp_013,0.01,25,GDP,-0.5056129172614388,0.5056129172614388
exp_013,0.01,25,Pop.growth,-0.49479975313760544,0.49479975313760544
exp_013,0.01,25,Life.expect,-0.48100824457672764,0.48100824457672764
exp_013,0.01,25,Inflation,0.38671420340752627,0.38671420340752627
exp_013,0.01,25,Unemployment,0.262282014237611,0.262282014237611
exp_013,0.01,25,Military,0.19164296178773943,0.19164296178773943
exp_013,0.01,25,Area,0.1144250668783915,0.1144250668783915
exp_014,0.01,50,GDP,-0.5004515898282957,0.5004515898282957
exp_014,0.01,50,Pop.growth,-0.4865856858865587,0.4865856858865587
exp_014,0.01,50,Life.expect,-0.47575850236513073,0.47575850236513073
exp_014,0.01,50,Inflation,0.40617506199375236,0.40617506199375236
exp_014,0.01,50,Unemployment,0.2692696732376033,0.2692696732376033
exp_014,0.01,50,Military,0.1879978899378269,0.1879978899378269
exp_014,0.01,50,Area,0.11665710190012893,0.11665710190012893
exp_015,0.01,100,GDP,-0.49394905131846345,0.49394905131846345
exp_015,0.01,100,Life.expect,-0.48452799211187797,0.48452799211187797
exp_015,0.01,100,Pop.growth,-0.47348115287992837,0.47348115287992837
exp_015,0.01,100,Inflation,0.41930308571671243,0.41930308571671243
exp_015,0.01,100,Unemployment,0.272407236007771,0.272407236007771
exp_015,0.01,100,Military,0.18160583526450133,0.18160583526450133
exp_015,0.01,100,Area,0.11857950120509188,0.11857950120509188
exp_016,0.01,500,GDP,-0.500174349219156,0.500174349219156
exp_016,0.01,500,Life.expect,-0.48308193929120197,0.48308193929120197
exp_016,0.01,500,Pop.growth,-0.47560170889321,0.47560170889321
exp_016,0.01,500,Inflation,0.4072206179896773,0.4072206179896773
exp_016,0.01,500,Unemployment,0.2710773193158141,0.2710773193158141
exp_016,0.01,500,Military,0.18760703936269674,0.18760703936269674
exp_016,0.01,500,Area,0.1255090786753083,0.1255090786753083
exp_017,0.01,1000,GDP,-0.5005161631061423,0.5005161631061423
exp_017,0.01,1000,Life.expect,-0.48287886665190755,0.48287886665190755
exp_017,0.01,1000,Pop.growth,-0.4757019936779502,0.4757019936779502
exp_017,0.01,1000,Inflation,0.40656679857458833,0.40656679857458833
exp_017,0.01,1000,Unemployment,0.27157168995336345,0.27157168995336345
exp_017,0.01,1000,Military,0.18801826271738467,0.18801826271738467
exp_017,0.01,1000,Area,0.1249822876199629,0.1249822876199629
exp_018,0.01,3000,GDP,-0.5005016322255207,0.5005016322255207
exp_018,0.01,3000,Life.expect,-0.4828814579383784,0.4828814579383784
exp_018,0.01,3000,Pop.growth,-0.47570353746218025,0.47570353746218025
exp_018,0.01,3000,Inflation,0.4065553702660402,0.4065553702660402
exp_018,0.01,3000,Unemployment,0.27160199171530425,0.27160199171530425
exp_018,0.01,3000,Military,0.1880574184001957,0.1880574184001957
exp_018,0.01,3000,Area,0.1249370023397409,0.1249370023397409
exp_019,0.05,25,Pop.growth,-0.5881690409498654,0.5881690409498654
exp_019,0.05,25,GDP,-0.49694966928545004,0.49694966928545004
exp_019,0.05,25,Life.expect,-0.45502973037020233,0.45502973037020233
exp_019,0.05,25,Military,0.3367644048329067,0.3367644048329067
exp_019,0.05,25,Inflation,0.21965689000264715,0.21965689000264715
exp_019,0.05,25,Unemployment,0.1956190368883359,0.1956190368883359
exp_019,0.05,25,Area,0.01095119460156464,0.01095119460156464
exp_020,0.05,50,Pop.growth,-0.5393627646928458,0.5393627646928458
exp_020,0.05,50,Inflation,0.44891040119206743,0.44891040119206743
exp_020,0.05,50,GDP,-0.4391155758952897,0.4391155758952897
exp_020,0.05,50,Life.expect,-0.4186435080693145,0.4186435080693145
exp_020,0.05,50,Unemployment,0.32229324796230774,0.32229324796230774
exp_020,0.05,50,Military,0.1787754295359343,0.1787754295359343
exp_020,0.05,50,Area,0.06040523184444655,0.06040523184444655
exp_021,0.05,100,Inflation,0.49875127371803113,0.49875127371803113
exp_021,0.05,100,Life.expect,-0.4870916342008358,0.4870916342008358
exp_021,0.05,100,GDP,-0.47564577819585985,0.47564577819585985
exp_021,0.05,100,Pop.growth,-0.42371044511837175,0.42371044511837175
exp_021,0.05,100,Unemployment,0.31807386508146884,0.31807386508146884
exp_021,0.05,100,Military,0.08331291891250935,0.08331291891250935
exp_021,0.05,100,Area,0.010364995545598677,0.010364995545598677
exp_022,0.05,500,GDP,-0.5014925356927242,0.5014925356927242
exp_022,0.05,500,Life.expect,-0.4829480225945893,0.4829480225945893
exp_022,0.05,500,Pop.growth,-0.47718044045537117,0.47718044045537117
exp_022,0.05,500,Inflation,0.4042969398176598,0.4042969398176598
exp_022,0.05,500,Unemployment,0.27123343410525913,0.27123343410525913
exp_022,0.05,500,Military,0.18913387223679634,0.18913387223679634
exp_022,0.05,500,Area,0.12153212914095884,0.12153212914095884
exp_023,0.05,1000,GDP,-0.5006304825875691,0.5006304825875691
exp_023,0.05,1000,Life.expect,-0.48288601259711245,0.48288601259711245
exp_023,0.05,1000,Pop.growth,-0.4758337480859768,0.4758337480859768
exp_023,0.05,1000,Inflation,0.406426463508596,0.406426463508596
exp_023,0.05,1000,Unemployment,0.2713056464302776,0.2713056464302776
exp_023,0.05,1000,Military,0.18793427344853178,0.18793427344853178
exp_023,0.05,1000,Area,0.12515569408927382,0.12515569408927382
exp_024,0.05,3000,GDP,-0.5004879875054747,0.5004879875054747
exp_024,0.05,3000,Life.expect,-0.48289273899654583,0.48289273899654583
exp_024,0.05,3000,Pop.growth,-0.47570360951716395,0.47570360951716395
exp_024,0.05,3000,Inflation,0.4065795947288614,0.4065795947288614
exp_024,0.05,3000,Unemployment,0.2715715970472726,0.2715715970472726
exp_024,0.05,3000,Military,0.18804118241947054,0.18804118241947054
exp_024,0.05,3000,Area,0.1249594631113277,0.1249594631113277
exp_025,0.1,25,Pop.growth,0.6141123962434107,0.6141123962434107
exp_025,0.1,25,Life.expect,0.4645201400200416,0.4645201400200416
exp_025,0.1,25,GDP,0.4422148750619879,0.4422148750619879
exp_025,0.1,25,Military,-0.41388623672050695,0.41388623672050695
exp_025,0.1,25,Inflation,-0.1769233497413001,0.1769233497413001
exp_025,0.1,25,Area,0.07049223516591852,0.07049223516591852
exp_025,0.1,25,Unemployment,-0.06292983966938477,0.06292983966938477
exp_026,0.1,50,Inflation,-0.5326809987661254,0.5326809987661254
exp_026,0.1,50,Pop.growth,0.5080065610619597,0.5080065610619597
exp_026,0.1,50,Unemployment,-0.4333360665408663,0.4333360665408663
exp_026,0.1,50,Life.expect,0.3692676095322492,0.3692676095322492
exp_026,0.1,50,GDP,0.3488265082585719,0.3488265082585719
exp_026,0.1,50,Military,-0.10154682093029826,0.10154682093029826
exp_026,0.1,50,Area,-0.04527564192626549,0.04527564192626549
exp_027,0.1,100,Inflation,-0.5235748184685379,0.5235748184685379
exp_027,0.1,100,Life.expect,0.46104510740313054,0.46104510740313054
exp_027,0.1,100,GDP,0.4540132908673855,0.4540132908673855
exp_027,0.1,100,Unemployment,-0.3950581976381416,0.3950581976381416
exp_027,0.1,100,Pop.growth,0.33490507974893274,0.33490507974893274
exp_027,0.1,100,Area,0.1946795499203778,0.1946795499203778
exp_027,0.1,100,Military,0.03234549429369562,0.03234549429369562
exp_028,0.1,500,GDP,0.507115044284345,0.507115044284345
exp_028,0.1,500,Pop.growth,0.48067039413018087,0.48067039413018087
exp_028,0.1,500,Life.expect,0.4763701793524705,0.4763701793524705
exp_028,0.1,500,Inflation,-0.3934088317785426,0.3934088317785426
exp_028,0.1,500,Unemployment,-0.2826577800673349,0.2826577800673349
exp_028,0.1,500,Military,-0.1974843642039846,0.1974843642039846
exp_028,0.1,500,Area,-0.10580998361173316,0.10580998361173316
exp_029,0.1,1000,GDP,0.5008478585617574,0.5008478585617574
exp_029,0.1,1000,Life.expect,0.48293016262334604,0.48293016262334604
exp_029,0.1,1000,Pop.growth,0.47603528774449727,0.47603528774449727
exp_029,0.1,1000,Inflation,-0.40608416028738215,0.40608416028738215
exp_029,0.1,1000,Unemployment,-0.2709243167457469,0.2709243167457469
exp_029,0.1,1000,Military,-0.18792701084218033,0.18792701084218033
exp_029,0.1,1000,Area,-0.12529722016137906,0.12529722016137906
exp_030,0.1,3000,GDP,0.5004818877229117,0.5004818877229117
exp_030,0.1,3000,Life.expect,0.48289515837475094,0.48289515837475094
exp_030,0.1,3000,Pop.growth,0.4757007965734673,0.4757007965734673
exp_030,0.1,3000,Inflation,-0.4065874315288183,0.4065874315288183
exp_030,0.1,3000,Unemployment,-0.271573116820961,0.271573116820961
exp_030,0.1,3000,Military,-0.1880354161399568,0.1880354161399568
exp_030,0.1,3000,Area,-0.12496512809149635,0.12496512809149635
