experiment_id,learning_rate,epochs,country,pc1_score
exp_001,0.0001,25,Ukraine,1.9335160295786065
exp_001,0.0001,25,Lithuania,1.2340453505557216
exp_001,0.0001,25,Latvia,1.219342113131161
exp_001,0.0001,25,Iceland,1.0245806146398244
exp_001,0.0001,25,Austria,0.5940351981666908
exp_001,0.0001,25,Slovakia,0.5749272016634017
exp_001,0.0001,25,Estonia,0.5577938546350697
exp_001,0.0001,25,Spain,0.48924400643004995
exp_001,0.0001,25,Poland,0.37938817954245074
exp_001,0.0001,25,Germany,0.33344457740055794
exp_001,0.0001,25,Czech Republic,0.3129480811608679
exp_001,0.0001,25,Hungary,0.27327991637919874
exp_001,0.0001,25,Bulgaria,0.2313233883217195
exp_001,0.0001,25,Belgium,0.20533803039322907
exp_001,0.0001,25,Sweden,0.1901690163093276
exp_001,0.0001,25,Italy,-0.050964925586748616
exp_001,0.0001,25,Slovenia,-0.16880146774978627
exp_001,0.0001,25,Denmark,-0.16912215344869871
exp_001,0.0001,25,Finland,-0.19856385709381985
exp_001,0.0001,25,Portugal,-0.3310899901950586
exp_001,0.0001,25,Croatia,-0.5153792393885973
exp_001,0.0001,25,Ireland,-0.5381198558402813
exp_001,0.0001,25,Netherlands,-0.6884396725127593
exp_001,0.0001,25,United Kingdom,-1.0189851467601192
exp_001,0.0001,25,Switzerland,-1.1051745999058211
exp_001,0.0001,25,Norway,-1.2078970932191777
exp_001,0.0001,25,Luxembourg,-1.6563475701620118
exp_001,0.0001,25,Greece,-1.9044899864450404
exp_002,0.0001,50,Ukraine,2.182018454975152
exp_002,0.0001,50,Latvia,1.3277054270287283
exp_002,0.0001,50,Lithuania,1.2950681889158426
exp_002,0.0001,50,Iceland,0.9555526376686598
exp_002,0.0001,50,Estonia,0.6694224254952568
exp_002,0.0001,50,Slovakia,0.6135658454466295
exp_002,0.0001,50,Austria,0.5444547902321286
exp_002,0.0001,50,Spain,0.4611725721933886
exp_002,0.0001,50,Poland,0.4452961100606369
exp_002,0.0001,50,Bulgaria,0.3435787990967305
exp_002,0.0001,50,Hungary,0.34056416561130975
exp_002,0.0001,50,Czech Republic,0.3031740948843032
exp_002,0.0001,50,Germany,0.2968780965070723
exp_002,0.0001,50,Belgium,0.1682836068383485
exp_002,0.0001,50,Sweden,0.14347754885847813
exp_002,0.0001,50,Italy,-0.10554466177460654
exp_002,0.0001,50,Slovenia,-0.17572743461590445
exp_002,0.0001,50,Denmark,-0.20657372289990525
exp_002,0.0001,50,Finland,-0.21064274037032688
exp_002,0.0001,50,Portugal,-0.3208613025985028
exp_002,0.0001,50,Croatia,-0.4704907539474057
exp_002,0.0001,50,Ireland,-0.6119196620142927
exp_002,0.0001,50,Netherlands,-0.7704053993267325
exp_002,0.0001,50,United Kingdom,-1.0329219371535847
exp_002,0.0001,50,Switzerland,-1.2373575041108347
exp_002,0.0001,50,Norway,-1.2886599231943394
exp_002,0.0001,50,Luxembourg,-1.7663799211694908
exp_002,0.0001,50,Greece,-1.892727800636776
exp_003,0.0001,100,Ukraine,2.6288508911687956
exp_003,0.0001,100,Latvia,1.5224730770280879
exp_003,0.0001,100,Lithuania,1.4013833990886757
exp_003,0.0001,100,Estonia,0.8809177231199603
exp_003,0.0001,100,Iceland,0.8078648372056558
exp_003,0.0001,100,Slovakia,0.6803655300787437
exp_003,0.0001,100,Poland,0.5691028488948876
exp_003,0.0001,100,Bulgaria,0.5619930762174835
exp_003,0.0001,100,Hungary,0.46685057617587694
exp_003,0.0001,100,Austria,0.44165467054541174
exp_003,0.0001,100,Spain,0.40613820496549485
exp_003,0.0001,100,Czech Republic,0.2807022809059381
exp_003,0.0001,100,Germany,0.22524063712449172
exp_003,0.0001,100,Belgium,0.09638082129995708
exp_003,0.0001,100,Sweden,0.05263116612665372
exp_003,0.0001,100,Slovenia,-0.1841412012591765
exp_003,0.0001,100,Italy,-0.205697934280182
exp_003,0.0001,100,Finland,-0.23060627853327373
exp_003,0.0001,100,Denmark,-0.27923429691085566
exp_003,0.0001,100,Portugal,-0.2921754847431071
exp_003,0.0001,100,Croatia,-0.373395012357713
exp_003,0.0001,100,Ireland,-0.7528979808692526
exp_003,0.0001,100,Netherlands,-0.9217504646082394
exp_003,0.0001,100,United Kingdom,-1.047490162476418
exp_003,0.0001,100,Norway,-1.436247813763331
exp_003,0.0001,100,Switzerland,-1.487646611546759
exp_003,0.0001,100,Greece,-1.8348946078813948
exp_003,0.0001,100,Luxembourg,-1.976371890716437
exp_004,0.0001,500,Ukraine,3.9969950854981966
exp_004,0.0001,500,Latvia,2.1099704927030523
exp_004,0.0001,500,Lithuania,1.6814209114634961
exp_004,0.0001,500,Estonia,1.6249200259505663
exp_004,0.0001,500,Bulgaria,1.3835994786642485
exp_004,0.0001,500,Poland,0.9966155010679612
exp_004,0.0001,500,Hungary,0.9044121689523913
exp_004,0.0001,500,Slovakia,0.8571903781115242
exp_004,0.0001,500,Spain,0.1867188725879937
exp_004,0.0001,500,Czech Republic,0.1629147274428811
exp_004,0.0001,500,Iceland,0.12015403649519041
exp_004,0.0001,500,Croatia,0.08473851766028717
exp_004,0.0001,500,Austria,-0.013472659267682208
exp_004,0.0001,500,Germany,-0.05916050778593848
exp_004,0.0001,500,Portugal,-0.10870726475290515
exp_004,0.0001,500,Slovenia,-0.17208127366308174
exp_004,0.0001,500,Belgium,-0.18197381264460102
exp_004,0.0001,500,Finland,-0.2754002204494437
exp_004,0.0001,500,Sweden,-0.29706360469311877
exp_004,0.0001,500,Italy,-0.5386603645676059
exp_004,0.0001,500,Denmark,-0.5498956917736285
exp_004,0.0001,500,United Kingdom,-0.9848208317551411
exp_004,0.0001,500,Ireland,-1.252018576301844
exp_004,0.0001,500,Greece,-1.3041276160467794
exp_004,0.0001,500,Netherlands,-1.4185882537249732
exp_004,0.0001,500,Norway,-1.8942063862131073
exp_004,0.0001,500,Switzerland,-2.355877678856113
exp_004,0.0001,500,Luxembourg,-2.703595454101807
exp_005,0.0001,1000,Ukraine,4.1539650583849586
exp_005,0.0001,1000,Latvia,2.1753028132804118
exp_005,0.0001,1000,Estonia,1.7240844897349472
exp_005,0.0001,1000,Lithuania,1.7055751210274415
exp_005,0.0001,1000,Bulgaria,1.5001780807044371
exp_005,0.0001,1000,Poland,1.0526908091591487
exp_005,0.0001,1000,Hungary,0.9622240377345482
exp_005,0.0001,1000,Slovakia,0.8731419373271776
exp_005,0.0001,1000,Croatia,0.1616828384127914
exp_005,0.0001,1000,Spain,0.15326742934356674
exp_005,0.0001,1000,Czech Republic,0.1418666834290508
exp_005,0.0001,1000,Iceland,0.005168501900247424
exp_005,0.0001,1000,Portugal,-0.07362179826188575
exp_005,0.0001,1000,Austria,-0.08753905501462733
exp_005,0.0001,1000,Germany,-0.10230953298593405
exp_005,0.0001,1000,Slovenia,-0.16514102435286987
exp_005,0.0001,1000,Belgium,-0.22329556252103885
exp_005,0.0001,1000,Finland,-0.27813771723504815
exp_005,0.0001,1000,Sweden,-0.34837981804551776
exp_005,0.0001,1000,Italy,-0.5814288994531662
exp_005,0.0001,1000,Denmark,-0.587901012541619
exp_005,0.0001,1000,United Kingdom,-0.9609479051140231
exp_005,0.0001,1000,Greece,-1.1901255313927037
exp_005,0.0001,1000,Ireland,-1.3182927914035725
exp_005,0.0001,1000,Netherlands,-1.4801735911153144
exp_005,0.0001,1000,Norway,-1.9461512364613514
exp_005,0.0001,1000,Switzerland,-2.4690225534349084
exp_005,0.0001,1000,Luxembourg,-2.7966797711051234
exp_006,0.0001,3000,Ukraine,4.167107545742867
exp_006,0.0001,3000,Latvia,2.1807357050148988
exp_006,0.0001,3000,Estonia,1.7326064037701148
exp_006,0.0001,3000,Lithuania,1.7074629320491521
exp_006,0.0001,3000,Bulgaria,1.5102956195906785
exp_006,0.0001,3000,Poland,1.0574981866160444
exp_006,0.0001,3000,Hungary,0.9671873409910974
exp_006,0.0001,3000,Slovakia,0.8744069041355902
exp_006,0.0001,3000,Croatia,0.16852101301305356
exp_006,0.0001,3000,Spain,0.15033057338773892
exp_006,0.0001,3000,Czech Republic,0.13998201573781943
exp_006,0.0001,3000,Iceland,-0.0050457649827791995
exp_006,0.0001,3000,Portugal,-0.07045923289457837
exp_006,0.0001,3000,Austria,-0.09409808880351914
exp_006,0.0001,3000,Germany,-0.10609653269714295
exp_006,0.0001,3000,Slovenia,-0.16447050977025818
exp_006,0.0001,3000,Belgium,-0.22691084946184864
exp_006,0.0001,3000,Finland,-0.2783286677356137
exp_006,0.0001,3000,Sweden,-0.3528598768081693
exp_006,0.0001,3000,Italy,-0.5850870307527936
exp_006,0.0001,3000,Denmark,-0.5911940468308389
exp_006,0.0001,3000,United Kingdom,-0.9586771072608153
exp_006,0.0001,3000,Greece,-1.1797228206252015
exp_006,0.0001,3000,Ireland,-1.3239805676816003
exp_006,0.0001,3000,Netherlands,-1.4854019949824453
exp_006,0.0001,3000,Norway,-1.9504828939048935
exp_006,0.0001,3000,Switzerland,-2.4787046506109895
exp_006,0.0001,3000,Luxembourg,-2.804613604245543
exp_007,0.001,25,Ukraine,4.461211954035746
exp_007,0.001,25,Latvia,2.301422690626905
exp_007,0.001,25,Estonia,1.937011286854974
exp_007,0.001,25,Bulgaria,1.7580641611803571
exp_007,0.001,25,Lithuania,1.7426698970446806
exp_007,0.001,25,Poland,1.1711605296035001
exp_007,0.001,25,Hungary,1.0859433402572942
exp_007,0.001,25,Slovakia,0.8992295477433987
exp_007,0.001,25,Croatia,0.3446043820763971
exp_007,0.001,25,Czech Republic,0.09140082502904318
exp_007,0.001,25,Spain,0.07473637257501353
exp_007,0.001,25,Portugal,0.013042625752523795
exp_007,0.001,25,Slovenia,-0.1436546797821006
exp_007,0.001,25,Germany,-0.20138519197482221
exp_007,0.001,25,Austria,-0.2610017075266287
exp_007,0.001,25,Iceland,-0.2674703406789187
exp_007,0.001,25,Finland,-0.28107745300096876
exp_007,0.001,25,Belgium,-0.31634067008153816
exp_007,0.001,25,Sweden,-0.46484324117511705
exp_007,0.001,25,Denmark,-0.6707962217731145
exp_007,0.001,25,Italy,-0.6725088229910691
exp_007,0.001,25,United Kingdom,-0.8931308518144514
exp_007,0.001,25,Greece,-0.898525096613711
exp_007,0.001,25,Ireland,-1.4596115198335124
exp_007,0.001,25,Netherlands,-1.6064258911325484
exp_007,0.001,25,Norway,-2.046866394940296
exp_007,0.001,25,Switzerland,-2.7072570251068466
exp_007,0.001,25,Luxembourg,-2.989602504354154
exp_008,0.001,50,Ukraine,4.827892519506502
exp_008,0.001,50,Bulgaria,2.4566281686649147
exp_008,0.001,50,Estonia,2.4304979525644823
exp_008,0.001,50,Latvia,2.414457236207784
exp_008,0.001,50,Lithuania,1.647331660973653
exp_008,0.001,50,Poland,1.440477984855315
exp_008,0.001,50,Hungary,1.3683019174395963
exp_008,0.001,50,Croatia,1.0022946125818626
exp_008,0.001,50,Slovakia,0.85531641308684
exp_008,0.001,50,Greece,0.39094772667398536
exp_008,0.001,50,Portugal,0.3651279108378994
exp_008,0.001,50,Slovenia,-0.017905932691588022
exp_008,0.001,50,Czech Republic,-0.10074910596398512
exp_008,0.001,50,Spain,-0.14960382504984315
exp_008,0.001,50,Finland,-0.24249920180598666
exp_008,0.001,50,Germany,-0.507226525723531
exp_008,0.001,50,United Kingdom,-0.5201476704603322
exp_008,0.001,50,Belgium,-0.6003631314453881
exp_008,0.001,50,Sweden,-0.8008846178936314
exp_008,0.001,50,Italy,-0.8606488680193878
exp_008,0.001,50,Austria,-0.8632289054697548
exp_008,0.001,50,Denmark,-0.8962592041204549
exp_008,0.001,50,Iceland,-1.2345949457963352
exp_008,0.001,50,Ireland,-1.7805738051853732
exp_008,0.001,50,Netherlands,-1.8427314162146855
exp_008,0.001,50,Norway,-2.1561501940709284
exp_008,0.001,50,Switzerland,-3.228054117041796
exp_008,0.001,50,Luxembourg,-3.3976526364397657
exp_009,0.001,100,Ukraine,4.634141012698607
exp_009,0.001,100,Bulgaria,2.596185907155241
exp_009,0.001,100,Estonia,2.486349339199659
exp_009,0.001,100,Latvia,2.3239001389146257
exp_009,0.001,100,Lithuania,1.543338401430538
exp_009,0.001,100,Poland,1.4703955347663729
exp_009,0.001,100,Hungary,1.396581824199592
exp_009,0.001,100,Croatia,1.2319868155894438
exp_009,0.001,100,Greece,0.9188148061891367
exp_009,0.001,100,Slovakia,0.7922897592218345
exp_009,0.001,100,Portugal,0.5039073602110427
exp_009,0.001,100,Slovenia,0.05222653634837149
exp_009,0.001,100,Czech Republic,-0.16167191863403307
exp_009,0.001,100,Spain,-0.1721949856462418
exp_009,0.001,100,Finland,-0.21377287416297885
exp_009,0.001,100,United Kingdom,-0.360152251898897
exp_009,0.001,100,Germany,-0.5836189819267973
exp_009,0.001,100,Belgium,-0.6722569462731274
exp_009,0.001,100,Italy,-0.8590001202856372
exp_009,0.001,100,Sweden,-0.876357321796031
exp_009,0.001,100,Denmark,-0.947809383104834
exp_009,0.001,100,Austria,-1.0542995138151219
exp_009,0.001,100,Iceland,-1.5424953794691012
exp_009,0.001,100,Ireland,-1.8109222224165002
exp_009,0.001,100,Netherlands,-1.8424296745291873
exp_009,0.001,100,Norway,-2.1118929943877403
exp_009,0.001,100,Switzerland,-3.2795323946908073
exp_009,0.001,100,Luxembourg,-3.461710472887356
exp_010,0.001,500,Ukraine,4.5811915893330735
exp_010,0.001,500,Bulgaria,2.609735557091466
exp_010,0.001,500,Estonia,2.4876622111924243
exp_010,0.001,500,Latvia,2.30611459616641
exp_010,0.001,500,Lithuania,1.5300582218551655
exp_010,0.001,500,Poland,1.471827742439146
exp_010,0.001,500,Hungary,1.3968316432443157
exp_010,0.001,500,Croatia,1.2695664226549002
exp_010,0.001,500,Greece,0.9996423551594712
exp_010,0.001,500,Slovakia,0.7829196004788979
exp_010,0.001,500,Portugal,0.5262022614727558
exp_010,0.001,500,Slovenia,0.06722019064066004
exp_010,0.001,500,Spain,-0.16382849413482448
exp_010,0.001,500,Czech Republic,-0.16727554715546444
exp_010,0.001,500,Finland,-0.21043814114851842
exp_010,0.001,500,United Kingdom,-0.34084100699404385
exp_010,0.001,500,Germany,-0.5921638053346221
exp_010,0.001,500,Belgium,-0.6810509662867547
exp_010,0.001,500,Italy,-0.8532032427202221
exp_010,0.001,500,Sweden,-0.884812349294883
exp_010,0.001,500,Denmark,-0.9551623221519914
exp_010,0.001,500,Austria,-1.0814611021076146
exp_010,0.001,500,Iceland,-1.5833553222772265
exp_010,0.001,500,Ireland,-1.809079950105096
exp_010,0.001,500,Netherlands,-1.8400946214316214
exp_010,0.001,500,Norway,-2.106374833599311
exp_010,0.001,500,Switzerland,-3.281651027702105
exp_010,0.001,500,Luxembourg,-3.4781796592843155
exp_011,0.001,1000,Ukraine,4.580804154287741
exp_011,0.001,1000,Bulgaria,2.6097913763293703
exp_011,0.001,1000,Estonia,2.487682788253107
exp_011,0.001,1000,Latvia,2.3060782565860385
exp_011,0.001,1000,Lithuania,1.5300670252232367
exp_011,0.001,1000,Poland,1.471811743472116
exp_011,0.001,1000,Hungary,1.3968577555840787
exp_011,0.001,1000,Croatia,1.269818599550358
exp_011,0.001,1000,Greece,1.0000125489017408
exp_011,0.001,1000,Slovakia,0.7829354399730273
exp_011,0.001,1000,Portugal,0.5263321729183134
exp_011,0.001,1000,Slovenia,0.06735088469745099
exp_011,0.001,1000,Spain,-0.16378303720553933
exp_011,0.001,1000,Czech Republic,-0.16725474751025782
exp_011,0.001,1000,Finland,-0.21048618144875264
exp_011,0.001,1000,United Kingdom,-0.3408182968888759
exp_011,0.001,1000,Germany,-0.5922637903996291
exp_011,0.001,1000,Belgium,-0.6810787059862832
exp_011,0.001,1000,Italy,-0.8532018900166414
exp_011,0.001,1000,Sweden,-0.8849311829271136
exp_011,0.001,1000,Denmark,-0.9551801334696859
exp_011,0.001,1000,Austria,-1.0815960218710194
exp_011,0.001,1000,Iceland,-1.5835156048520416
exp_011,0.001,1000,Ireland,-1.8090038050399422
exp_011,0.001,1000,Netherlands,-1.8400792970562279
exp_011,0.001,1000,Norway,-2.106430059843497
exp_011,0.001,1000,Switzerland,-3.2816216428945886
exp_011,0.001,1000,Luxembourg,-3.4782983483664114
exp_012,0.001,3000,Ukraine,4.580765924442659
exp_012,0.001,3000,Bulgaria,2.609797873900016
exp_012,0.001,3000,Estonia,2.487686792240104
exp_012,0.001,3000,Latvia,2.3060771667569324
exp_012,0.001,3000,Lithuania,1.5300694299889788
exp_012,0.001,3000,Poland,1.4718088577395454
exp_012,0.001,3000,Hungary,1.3968608195919228
exp_012,0.001,3000,Croatia,1.269842023791804
exp_012,0.001,3000,Greece,1.000044956463117
exp_012,0.001,3000,Slovakia,0.7829377257136962
exp_012,0.001,3000,Portugal,0.5263436247438591
exp_012,0.001,3000,Slovenia,0.06736471382247833
exp_012,0.001,3000,Spain,-0.16378284676975985
exp_012,0.001,3000,Czech Republic,-0.16725135049129858
exp_012,0.001,3000,Finland,-0.2104918415494641
exp_012,0.001,3000,United Kingdom,-0.3408184838306819
exp_012,0.001,3000,Germany,-0.5922731887553832
exp_012,0.001,3000,Belgium,-0.6810795670244636
exp_012,0.001,3000,Italy,-0.8532037066023482
exp_012,0.001,3000,Sweden,-0.8849439451833412
exp_012,0.001,3000,Denmark,-0.955180641018245
exp_012,0.001,3000,Austria,-1.0816065469789693
exp_012,0.001,3000,Iceland,-1.5835300519371873
exp_012,0.001,3000,Ireland,-1.8089978432018485
exp_012,0.001,3000,Netherlands,-1.8400772292892866
exp_012,0.001,3000,Norway,-2.1064359061122606
exp_012,0.001,3000,Switzerland,-3.281618910453888
exp_012,0.001,3000,Luxembourg,-3.478307849996615
exp_013,0.01,25,Ukraine,4.520400750051554
exp_013,0.01,25,Bulgaria,2.64566011753523
exp_013,0.01,25,Estonia,2.4992546428462306
exp_013,0.01,25,Latvia,2.319304099082261
exp_013,0.01,25,Lithuania,1.5297610983374532
exp_013,0.01,25,Poland,1.4569748756494758
exp_013,0.01,25,Hungary,1.4062900782668963
exp_013,0.01,25,Croatia,1.2916201748609941
exp_013,0.01,25,Greece,1.0054896238437907
exp_013,0.01,25,Slovakia,0.7759125354063348
exp_013,0.01,25,Portugal,0.5245071933216898
exp_013,0.01,25,Slovenia,0.1083925872436261
exp_013,0.01,25,Czech Republic,-0.1290773792748574
exp_013,0.01,25,Finland,-0.21377753587161485
exp_013,0.01,25,Spain,-0.22619013981724723
exp_013,0.01,25,United Kingdom,-0.37105819536249696
exp_013,0.01,25,Germany,-0.5736820564969335
exp_013,0.01,25,Belgium,-0.6694520497654555
exp_013,0.01,25,Italy,-0.8590033752943992
exp_013,0.01,25,Sweden,-0.8973386672672079
exp_013,0.01,25,Denmark,-0.9392201852480904
exp_013,0.01,25,Austria,-1.0697020415602245
exp_013,0.01,25,Iceland,-1.613125234978241
exp_013,0.01,25,Netherlands,-1.8206163391764587
exp_013,0.01,25,Ireland,-1.844691914006018
exp_013,0.01,25,Norway,-2.0869935424795023
exp_013,0.01,25,Switzerland,-3.2502207980807585
exp_013,0.01,25,Luxembourg,-3.5194183217659587
exp_014,0.01,50,Ukraine,4.553173124912882
exp_014,0.01,50,Bulgaria,2.6229450333000415
exp_014,0.01,50,Estonia,2.4986232689927226
exp_014,0.01,50,Latvia,2.31349868204487
exp_014,0.01,50,Lithuania,1.5351530301905822
exp_014,0.01,50,Poland,1.462890219486861
exp_014,0.01,50,Hungary,1.3994046404145541
exp_014,0.01,50,Croatia,1.271482562098683
exp_014,0.01,50,Greece,1.003570113133269
exp_014,0.01,50,Slovakia,0.7827253055252671
exp_014,0.01,50,Portugal,0.5285098805620172
exp_014,0.01,50,Slovenia,0.0796363995088678
exp_014,0.01,50,Czech Republic,-0.15786783903472612
exp_014,0.01,50,Spain,-0.19151722517958703
exp_014,0.01,50,Finland,-0.21420596598447322
exp_014,0.01,50,United Kingdom,-0.3491088526970527
exp_014,0.01,50,Germany,-0.5880426529105195
exp_014,0.01,50,Belgium,-0.6680518417279749
exp_014,0.01,50,Italy,-0.8564878647063185
exp_014,0.01,50,Sweden,-0.8922825183488814
exp_014,0.01,50,Denmark,-0.9479908608815539
exp_014,0.01,50,Austria,-1.0685036992350914
exp_014,0.01,50,Iceland,-1.584780411085411
exp_014,0.01,50,Ireland,-1.8229888718299359
exp_014,0.01,50,Netherlands,-1.8315884010850467
exp_014,0.01,50,Norway,-2.110183167363949
exp_014,0.01,50,Switzerland,-3.2814410149361057
exp_014,0.01,50,Luxembourg,-3.486571073163919
exp_015,0.01,100,Ukraine,4.598313005607661
exp_015,0.01,100,Bulgaria,2.6015527967608363
exp_015,0.01,100,Estonia,2.4986876321419795
exp_015,0.01,100,Latvia,2.317076538084891
exp_015,0.01,100,Lithuania,1.5414923712535251
exp_015,0.01,100,Poland,1.4667984211638356
exp_015,0.01,100,Hungary,1.3985525001377983
exp_015,0.01,100,Croatia,1.2532935756454313
exp_015,0.01,100,Greece,0.9765224624761497
exp_015,0.01,100,Slovakia,0.7946714200570344
exp_015,0.01,100,Portugal,0.5234972747601438
exp_015,0.01,100,Slovenia,0.055912784438788776
exp_015,0.01,100,Spain,-0.17375595117695397
exp_015,0.01,100,Czech Republic,-0.17662987362299687
exp_015,0.01,100,Finland,-0.22020236681574556
exp_015,0.01,100,United Kingdom,-0.3393698956600696
exp_015,0.01,100,Germany,-0.6070360686849636
exp_015,0.01,100,Belgium,-0.6706136858698579
exp_015,0.01,100,Italy,-0.8658400225567803
exp_015,0.01,100,Sweden,-0.896116184459412
exp_015,0.01,100,Denmark,-0.9509919015582808
exp_015,0.01,100,Austria,-1.0682128196834944
exp_015,0.01,100,Iceland,-1.5584343763484503
exp_015,0.01,100,Ireland,-1.7981102197042158
exp_015,0.01,100,Netherlands,-1.8410848767331682
exp_015,0.01,100,Norway,-2.1254236803434363
exp_015,0.01,100,Switzerland,-3.2943293933291393
exp_015,0.01,100,Luxembourg,-3.440219465981037
exp_016,0.01,500,Ukraine,4.584641990103223
exp_016,0.01,500,Bulgaria,2.609178807180033
exp_016,0.01,500,Estonia,2.487409425533455
exp_016,0.01,500,Latvia,2.3060114412674566
exp_016,0.01,500,Lithuania,1.529647176444265
exp_016,0.01,500,Poland,1.4720957960616696
exp_016,0.01,500,Hungary,1.396540897036925
exp_016,0.01,500,Croatia,1.2674804936479929
exp_016,0.01,500,Greece,0.9973765033369996
exp_016,0.01,500,Slovakia,0.7826533159864155
exp_016,0.01,500,Portugal,0.52536828332292
exp_016,0.01,500,Slovenia,0.06579425504843878
exp_016,0.01,500,Spain,-0.16392101118640767
exp_016,0.01,500,Czech Republic,-0.16793075952246606
exp_016,0.01,500,Finland,-0.20989866037419225
exp_016,0.01,500,United Kingdom,-0.34033676190145756
exp_016,0.01,500,Germany,-0.5915762459118399
exp_016,0.01,500,Belgium,-0.6809809889546589
exp_016,0.01,500,Italy,-0.8530824274281998
exp_016,0.01,500,Sweden,-0.8837855230015536
exp_016,0.01,500,Denmark,-0.9551716859347678
exp_016,0.01,500,Austria,-1.0806627895369685
exp_016,0.01,500,Iceland,-1.582216164324996
exp_016,0.01,500,Ireland,-1.8095177814449264
exp_016,0.01,500,Netherlands,-1.8402565303787872
exp_016,0.01,500,Norway,-2.1058965969869035
exp_016,0.01,500,Switzerland,-3.2821404463902413
exp_016,0.01,500,Luxembourg,-3.4768240116913565
exp_017,0.01,1000,Ukraine,4.58081806573475
exp_017,0.01,1000,Bulgaria,2.6097778663921245
exp_017,0.01,1000,Estonia,2.4876330621675167
exp_017,0.01,1000,Latvia,2.3060540937888634
exp_017,0.01,1000,Lithuania,1.5300552619536572
exp_017,0.01,1000,Poland,1.471832579031634
exp_017,0.01,1000,Hungary,1.39684753840435
exp_017,0.01,1000,Croatia,1.269816359356791
exp_017,0.01,1000,Greece,0.9999913350983063
exp_017,0.01,1000,Slovakia,0.782919645642025
exp_017,0.01,1000,Portugal,0.5263285135578494
exp_017,0.01,1000,Slovenia,0.06734810051501261
exp_017,0.01,1000,Spain,-0.16372000975648338
exp_017,0.01,1000,Czech Republic,-0.16723487429002348
exp_017,0.01,1000,Finland,-0.2104634788575162
exp_017,0.01,1000,United Kingdom,-0.34082891724770525
exp_017,0.01,1000,Germany,-0.5922212022950094
exp_017,0.01,1000,Belgium,-0.6811001398180624
exp_017,0.01,1000,Italy,-0.8531496322593477
exp_017,0.01,1000,Sweden,-0.8848828887320899
exp_017,0.01,1000,Denmark,-0.9551904545359167
exp_017,0.01,1000,Austria,-1.0816072096623257
exp_017,0.01,1000,Iceland,-1.5835098542282204
exp_017,0.01,1000,Ireland,-1.809013511926273
exp_017,0.01,1000,Netherlands,-1.8400829872062063
exp_017,0.01,1000,Norway,-2.1064106722388076
exp_017,0.01,1000,Switzerland,-3.28159058362641
exp_017,0.01,1000,Luxembourg,-3.478416004962411
exp_018,0.01,3000,Ukraine,4.5806188791445095
exp_018,0.01,3000,Bulgaria,2.6098215292236806
exp_018,0.01,3000,Estonia,2.4876841102811467
exp_018,0.01,3000,Latvia,2.3060586462847366
exp_018,0.01,3000,Lithuania,1.530068489380969
exp_018,0.01,3000,Poland,1.4718059426745378
exp_018,0.01,3000,Hungary,1.3968679518371936
exp_018,0.01,3000,Croatia,1.2699342247922814
exp_018,0.01,3000,Greece,1.0001775823692165
exp_018,0.01,3000,Slovakia,0.7829362112710786
exp_018,0.01,3000,Portugal,0.5263897989142706
exp_018,0.01,3000,Slovenia,0.06741709318716343
exp_018,0.01,3000,Spain,-0.16376058275021
exp_018,0.01,3000,Czech Republic,-0.16723401289056994
exp_018,0.01,3000,Finland,-0.2105020479541826
exp_018,0.01,3000,United Kingdom,-0.34081595032999956
exp_018,0.01,3000,Germany,-0.5922927817458934
exp_018,0.01,3000,Belgium,-0.6810917962433471
exp_018,0.01,3000,Italy,-0.8531892227777245
exp_018,0.01,3000,Sweden,-0.8849740442595434
exp_018,0.01,3000,Denmark,-0.9551877017561616
exp_018,0.01,3000,Austria,-1.081654639274419
exp_018,0.01,3000,Iceland,-1.5835919500499023
exp_018,0.01,3000,Ireland,-1.8089819398428075
exp_018,0.01,3000,Netherlands,-1.8400692455775733
exp_018,0.01,3000,Norway,-2.106447072348287
exp_018,0.01,3000,Switzerland,-3.281598835012939
exp_018,0.01,3000,Luxembourg,-3.4783886365471517
exp_019,0.05,25,Ukraine,3.715549881281044
exp_019,0.05,25,Bulgaria,2.891907205070239
exp_019,0.05,25,Estonia,2.510665932821488
exp_019,0.05,25,Latvia,2.2040081072812856
exp_019,0.05,25,Croatia,1.5332148415094433
exp_019,0.05,25,Greece,1.4443538752458467
exp_019,0.05,25,Hungary,1.4206545846583587
exp_019,0.05,25,Lithuania,1.3384157007078403
exp_019,0.05,25,Poland,1.2925385638941123
exp_019,0.05,25,Slovakia,0.6189332222373138
exp_019,0.05,25,Portugal,0.6037578635812075
exp_019,0.05,25,Slovenia,0.4301861913036883
exp_019,0.05,25,Czech Republic,0.07648280242929717
exp_019,0.05,25,Finland,-0.19230943258099403
exp_019,0.05,25,United Kingdom,-0.39498915975251336
exp_019,0.05,25,Germany,-0.4740919544562808
exp_019,0.05,25,Belgium,-0.5919114644004688
exp_019,0.05,25,Spain,-0.7338698152437895
exp_019,0.05,25,Denmark,-0.8103470996209589
exp_019,0.05,25,Italy,-0.8527739908125731
exp_019,0.05,25,Sweden,-1.0000145285720425
exp_019,0.05,25,Austria,-1.0646382952744358
exp_019,0.05,25,Netherlands,-1.5689933308840858
exp_019,0.05,25,Norway,-1.7973129200543294
exp_019,0.05,25,Iceland,-1.9893622711479964
exp_019,0.05,25,Ireland,-2.0527142318186202
exp_019,0.05,25,Switzerland,-2.915708563104732
exp_019,0.05,25,Luxembourg,-3.641631714297275
exp_020,0.05,50,Ukraine,4.328603321311933
exp_020,0.05,50,Bulgaria,2.595791375577563
exp_020,0.05,50,Estonia,2.567217952240041
exp_020,0.05,50,Latvia,2.338016355783299
exp_020,0.05,50,Lithuania,1.6058698594439802
exp_020,0.05,50,Poland,1.4008541347551535
exp_020,0.05,50,Hungary,1.3741767461702028
exp_020,0.05,50,Croatia,1.281218606205848
exp_020,0.05,50,Greece,1.0862367864132454
exp_020,0.05,50,Slovakia,0.8114987721678253
exp_020,0.05,50,Portugal,0.5566497561615471
exp_020,0.05,50,Slovenia,0.11075985593431098
exp_020,0.05,50,Spain,-0.1811591617331132
exp_020,0.05,50,Czech Republic,-0.19112415785538928
exp_020,0.05,50,Finland,-0.2577113195349858
exp_020,0.05,50,United Kingdom,-0.36267226163422206
exp_020,0.05,50,Belgium,-0.584403999421363
exp_020,0.05,50,Germany,-0.6257177843903743
exp_020,0.05,50,Italy,-0.9026349511993158
exp_020,0.05,50,Sweden,-0.9397201923338558
exp_020,0.05,50,Denmark,-0.9417606957626553
exp_020,0.05,50,Austria,-1.0077632804198906
exp_020,0.05,50,Iceland,-1.532504619097341
exp_020,0.05,50,Ireland,-1.7805921834298493
exp_020,0.05,50,Netherlands,-1.8256255427227892
exp_020,0.05,50,Norway,-2.198043683181226
exp_020,0.05,50,Luxembourg,-3.338462660172292
exp_020,0.05,50,Switzerland,-3.386997029276226
exp_021,0.05,100,Ukraine,4.482975118920179
exp_021,0.05,100,Estonia,2.5632115238802
exp_021,0.05,100,Latvia,2.4503492641862703
exp_021,0.05,100,Bulgaria,2.4484656632327524
exp_021,0.05,100,Lithuania,1.740884880643824
exp_021,0.05,100,Hungary,1.4281780110637545
exp_021,0.05,100,Poland,1.373592353253414
exp_021,0.05,100,Croatia,1.2084906465632044
exp_021,0.05,100,Slovakia,0.9923386658820053
exp_021,0.05,100,Greece,0.7203418551950779
exp_021,0.05,100,Portugal,0.5295901980775649
exp_021,0.05,100,Slovenia,0.03645545039054332
exp_021,0.05,100,Czech Republic,-0.18945862763456345
exp_021,0.05,100,Spain,-0.19615236808170022
exp_021,0.05,100,Finland,-0.4077883908756118
exp_021,0.05,100,United Kingdom,-0.43055665728189596
exp_021,0.05,100,Belgium,-0.5592653261279794
exp_021,0.05,100,Germany,-0.8341195727423516
exp_021,0.05,100,Denmark,-0.8815889488540644
exp_021,0.05,100,Austria,-0.9581026197403573
exp_021,0.05,100,Italy,-0.9988962593822074
exp_021,0.05,100,Sweden,-1.1015585116020747
exp_021,0.05,100,Iceland,-1.2411565483190006
exp_021,0.05,100,Ireland,-1.534427174500151
exp_021,0.05,100,Netherlands,-1.8280670210753018
exp_021,0.05,100,Norway,-2.4035594694701077
exp_021,0.05,100,Luxembourg,-3.117027863965232
exp_021,0.05,100,Switzerland,-3.2931482716361185
exp_022,0.05,500,Ukraine,4.567837017122047
exp_022,0.05,500,Bulgaria,2.6150562287103196
exp_022,0.05,500,Estonia,2.491021485734768
exp_022,0.05,500,Latvia,2.3088366526315833
exp_022,0.05,500,Lithuania,1.5316683294620776
exp_022,0.05,500,Poland,1.4689775862953545
exp_022,0.05,500,Hungary,1.3994166216092956
exp_022,0.05,500,Croatia,1.2760286857594845
exp_022,0.05,500,Greece,1.0045722747667072
exp_022,0.05,500,Slovakia,0.7841874267502764
exp_022,0.05,500,Portugal,0.5284737547048313
exp_022,0.05,500,Slovenia,0.07414069438559773
exp_022,0.05,500,Czech Republic,-0.16244915534271864
exp_022,0.05,500,Spain,-0.17352998061868508
exp_022,0.05,500,Finland,-0.2134934870318977
exp_022,0.05,500,United Kingdom,-0.34435668620619253
exp_022,0.05,500,Germany,-0.5942570404297706
exp_022,0.05,500,Belgium,-0.6789786978795416
exp_022,0.05,500,Italy,-0.8556717595186739
exp_022,0.05,500,Sweden,-0.8911453042183362
exp_022,0.05,500,Denmark,-0.9525633495817225
exp_022,0.05,500,Austria,-1.0812821816472693
exp_022,0.05,500,Iceland,-1.5874908934205358
exp_022,0.05,500,Ireland,-1.8107148935045125
exp_022,0.05,500,Netherlands,-1.8370656131112213
exp_022,0.05,500,Norway,-2.1076332991618028
exp_022,0.05,500,Switzerland,-3.2774156342263487
exp_022,0.05,500,Luxembourg,-3.4821687820330403
exp_023,0.05,1000,Ukraine,4.581366535577
exp_023,0.05,1000,Bulgaria,2.6099434442142253
exp_023,0.05,1000,Estonia,2.487450441278283
exp_023,0.05,1000,Latvia,2.306049152089843
exp_023,0.05,1000,Lithuania,1.5298425285691408
exp_023,0.05,1000,Poland,1.4718766533389953
exp_023,0.05,1000,Hungary,1.3968251922079478
exp_023,0.05,1000,Croatia,1.2694431103491564
exp_023,0.05,1000,Greece,0.9992938020328346
exp_023,0.05,1000,Slovakia,0.782681824118021
exp_023,0.05,1000,Portugal,0.5260275277479534
exp_023,0.05,1000,Slovenia,0.06733919248826492
exp_023,0.05,1000,Spain,-0.16411113516838327
exp_023,0.05,1000,Czech Republic,-0.1669438331310148
exp_023,0.05,1000,Finland,-0.21021865852904378
exp_023,0.05,1000,United Kingdom,-0.3410337257660211
exp_023,0.05,1000,Germany,-0.5916633330108435
exp_023,0.05,1000,Belgium,-0.6811067729713234
exp_023,0.05,1000,Italy,-0.85296089431705
exp_023,0.05,1000,Sweden,-0.8844855272427743
exp_023,0.05,1000,Denmark,-0.9550881364267558
exp_023,0.05,1000,Austria,-1.0813529029812743
exp_023,0.05,1000,Iceland,-1.5835316492651774
exp_023,0.05,1000,Ireland,-1.809566336695554
exp_023,0.05,1000,Netherlands,-1.839965912646478
exp_023,0.05,1000,Norway,-2.1059166969283707
exp_023,0.05,1000,Switzerland,-3.281248745190393
exp_023,0.05,1000,Luxembourg,-3.4789451437411354
exp_024,0.05,3000,Ukraine,4.580789348198957
exp_024,0.05,3000,Bulgaria,2.609808852305485
exp_024,0.05,3000,Estonia,2.487676905552035
exp_024,0.05,3000,Latvia,2.3060590001988293
exp_024,0.05,3000,Lithuania,1.5300432907569081
exp_024,0.05,3000,Poland,1.471814411136522
exp_024,0.05,3000,Hungary,1.3968576674136628
exp_024,0.05,3000,Croatia,1.2698274387734583
exp_024,0.05,3000,Greece,1.000054734628781
exp_024,0.05,3000,Slovakia,0.7829183193724817
exp_024,0.05,3000,Portugal,0.5263429304052212
exp_024,0.05,3000,Slovenia,0.06735473792132046
exp_024,0.05,3000,Spain,-0.16380031160959685
exp_024,0.05,3000,Czech Republic,-0.16725460195966158
exp_024,0.05,3000,Finland,-0.21047383238203954
exp_024,0.05,3000,United Kingdom,-0.3407983823467501
exp_024,0.05,3000,Germany,-0.5922546037081453
exp_024,0.05,3000,Belgium,-0.6810832820165786
exp_024,0.05,3000,Italy,-0.8531871338252794
exp_024,0.05,3000,Sweden,-0.8849252114032093
exp_024,0.05,3000,Denmark,-0.9551801815274703
exp_024,0.05,3000,Austria,-1.0816058791746404
exp_024,0.05,3000,Iceland,-1.5835437666753394
exp_024,0.05,3000,Ireland,-1.8090228926117036
exp_024,0.05,3000,Netherlands,-1.8400686149370418
exp_024,0.05,3000,Norway,-2.106410929454673
exp_024,0.05,3000,Switzerland,-3.2816109342205904
exp_024,0.05,3000,Luxembourg,-3.4783270788108696
exp_025,0.1,25,Luxembourg,3.3800212172212936
exp_025,0.1,25,Switzerland,2.611796111609329
exp_025,0.1,25,Ireland,2.2045449396639247
exp_025,0.1,25,Iceland,2.0764462858458486
exp_025,0.1,25,Norway,1.5275874999107173
exp_025,0.1,25,Spain,1.3189746443302068
exp_025,0.1,25,Netherlands,1.3020696939548122
exp_025,0.1,25,Sweden,1.0500934910158997
exp_025,0.1,25,Austria,0.9052979485900889
exp_025,0.1,25,Italy,0.8740243329509058
exp_025,0.1,25,Denmark,0.6399795077356392
exp_025,0.1,25,Belgium,0.4588962947240072
exp_025,0.1,25,Germany,0.40606854703149836
exp_025,0.1,25,United Kingdom,0.3210061582483814
exp_025,0.1,25,Finland,0.16263639594377427
exp_025,0.1,25,Czech Republic,-0.15857676298417078
exp_025,0.1,25,Slovakia,-0.488484799289412
exp_025,0.1,25,Slovenia,-0.5127179200744699
exp_025,0.1,25,Portugal,-0.5800549094487291
exp_025,0.1,25,Lithuania,-1.1177158624035524
exp_025,0.1,25,Poland,-1.1210251916151646
exp_025,0.1,25,Hungary,-1.4038426262349424
exp_025,0.1,25,Croatia,-1.4369275209232584
exp_025,0.1,25,Greece,-1.4867448602879756
exp_025,0.1,25,Latvia,-2.0849737569132913
exp_025,0.1,25,Estonia,-2.494027435728038
exp_025,0.1,25,Bulgaria,-2.9915863696428175
exp_025,0.1,25,Ukraine,-3.3627650532305764
exp_026,0.1,50,Switzerland,3.5005079789782902
exp_026,0.1,50,Luxembourg,2.952736875654422
exp_026,0.1,50,Norway,2.3414854327589203
exp_026,0.1,50,Netherlands,1.8810954637321646
exp_026,0.1,50,Ireland,1.4849251346507755
exp_026,0.1,50,Iceland,1.2697438543453146
exp_026,0.1,50,Denmark,0.9749750182253368
exp_026,0.1,50,Austria,0.9653026341572006
exp_026,0.1,50,Italy,0.9310000370346696
exp_026,0.1,50,Sweden,0.9275720159943658
exp_026,0.1,50,Germany,0.7272837682194421
exp_026,0.1,50,Belgium,0.5398123021595392
exp_026,0.1,50,United Kingdom,0.36141773306598834
exp_026,0.1,50,Finland,0.3227074953777588
exp_026,0.1,50,Czech Republic,0.318217084894404
exp_026,0.1,50,Slovenia,-0.01735240209837946
exp_026,0.1,50,Spain,-0.17195344214733455
exp_026,0.1,50,Portugal,-0.5438834339546343
exp_026,0.1,50,Slovakia,-0.8989411252235611
exp_026,0.1,50,Greece,-0.9947264341004939
exp_026,0.1,50,Croatia,-1.2042370006512881
exp_026,0.1,50,Hungary,-1.278976318773563
exp_026,0.1,50,Poland,-1.3546097952203098
exp_026,0.1,50,Lithuania,-1.7164778254808155
exp_026,0.1,50,Bulgaria,-2.3075691875884767
exp_026,0.1,50,Latvia,-2.3082672288414408
exp_026,0.1,50,Estonia,-2.51018976642394
exp_026,0.1,50,Ukraine,-4.191598868744409
exp_027,0.1,100,Switzerland,3.0331915638290545
exp_027,0.1,100,Norway,2.703832852163104
exp_027,0.1,100,Luxembourg,2.6044522837822157
exp_027,0.1,100,Netherlands,1.6824880696901268
exp_027,0.1,100,Sweden,1.4424392458536754
exp_027,0.1,100,Germany,1.1703690536336122
exp_027,0.1,100,Italy,1.1547108404032715
exp_027,0.1,100,Ireland,1.037011760340613
exp_027,0.1,100,Iceland,0.8224628382105998
exp_027,0.1,100,Austria,0.8145830733558415
exp_027,0.1,100,Denmark,0.7194877836603457
exp_027,0.1,100,Finland,0.7101196696574377
exp_027,0.1,100,United Kingdom,0.5962470592282229
exp_027,0.1,100,Belgium,0.37420138187304114
exp_027,0.1,100,Spain,0.2508911341828485
exp_027,0.1,100,Czech Republic,0.11982569255489062
exp_027,0.1,100,Slovenia,-0.14526162926958208
exp_027,0.1,100,Greece,-0.4897177395248497
exp_027,0.1,100,Portugal,-0.577658347645934
exp_027,0.1,100,Poland,-1.1341292899420437
exp_027,0.1,100,Slovakia,-1.2492519695991906
exp_027,0.1,100,Croatia,-1.267203995674449
exp_027,0.1,100,Hungary,-1.4281125055965984
exp_027,0.1,100,Lithuania,-1.9653899727941484
exp_027,0.1,100,Bulgaria,-2.154264291259633
exp_027,0.1,100,Latvia,-2.5252693392148844
exp_027,0.1,100,Estonia,-2.5379596423882522
exp_027,0.1,100,Ukraine,-3.762095579509402
exp_028,0.1,500,Luxembourg,3.507833988728681
exp_028,0.1,500,Switzerland,3.268805742146993
exp_028,0.1,500,Norway,2.1253994319457052
exp_028,0.1,500,Netherlands,1.8310191189303024
exp_028,0.1,500,Ireland,1.7978223788629883
exp_028,0.1,500,Iceland,1.6102155494160066
exp_028,0.1,500,Austria,1.0968009312736728
exp_028,0.1,500,Denmark,0.950600295274991
exp_028,0.1,500,Sweden,0.9204721093182637
exp_028,0.1,500,Italy,0.8604084645293347
exp_028,0.1,500,Belgium,0.6758294670797242
exp_028,0.1,500,Germany,0.6127614938272765
exp_028,0.1,500,United Kingdom,0.3545152809767753
exp_028,0.1,500,Finland,0.22945436038042244
exp_028,0.1,500,Spain,0.1760266008142537
exp_028,0.1,500,Czech Republic,0.1488443337067915
exp_028,0.1,500,Slovenia,-0.1082129067610132
exp_028,0.1,500,Portugal,-0.5512135539897468
exp_028,0.1,500,Slovakia,-0.7928004880516676
exp_028,0.1,500,Greece,-1.0620807754917327
exp_028,0.1,500,Croatia,-1.3250450174498787
exp_028,0.1,500,Hungary,-1.4064862900527735
exp_028,0.1,500,Poland,-1.4593843257176609
exp_028,0.1,500,Lithuania,-1.544024146040078
exp_028,0.1,500,Latvia,-2.312209024294351
exp_028,0.1,500,Estonia,-2.5006109269061847
exp_028,0.1,500,Bulgaria,-2.6280084164829365
exp_028,0.1,500,Ukraine,-4.476733675974229
exp_029,0.1,1000,Luxembourg,3.4799302081663197
exp_029,0.1,1000,Switzerland,3.2805415775873605
exp_029,0.1,1000,Norway,2.1051702327687627
exp_029,0.1,1000,Netherlands,1.8396864056275828
exp_029,0.1,1000,Ireland,1.8104035003232688
exp_029,0.1,1000,Iceland,1.5838884068872396
exp_029,0.1,1000,Austria,1.081119787838915
exp_029,0.1,1000,Denmark,0.954878070443215
exp_029,0.1,1000,Sweden,0.8841505560903363
exp_029,0.1,1000,Italy,0.8527479121066986
exp_029,0.1,1000,Belgium,0.6811243516403349
exp_029,0.1,1000,Germany,0.5909554729370625
exp_029,0.1,1000,United Kingdom,0.34139055348623115
exp_029,0.1,1000,Finland,0.20994805465894886
exp_029,0.1,1000,Czech Republic,0.16635396646179768
exp_029,0.1,1000,Spain,0.16497099842990037
exp_029,0.1,1000,Slovenia,-0.06762112721340263
exp_029,0.1,1000,Portugal,-0.5257320177336338
exp_029,0.1,1000,Slovakia,-0.7823405993435608
exp_029,0.1,1000,Greece,-0.998709864049373
exp_029,0.1,1000,Croatia,-1.2692808428008904
exp_029,0.1,1000,Hungary,-1.396892216859262
exp_029,0.1,1000,Poland,-1.4718668379385929
exp_029,0.1,1000,Lithuania,-1.5295108833120317
exp_029,0.1,1000,Latvia,-2.3060589700066556
exp_029,0.1,1000,Estonia,-2.487266749756386
exp_029,0.1,1000,Bulgaria,-2.6104099607834237
exp_029,0.1,1000,Ukraine,-4.581569985656834
exp_030,0.1,3000,Luxembourg,3.478303228645492
exp_030,0.1,3000,Switzerland,3.2816235072652096
exp_030,0.1,3000,Norway,2.106412706040829
exp_030,0.1,3000,Netherlands,1.84007661230165
exp_030,0.1,3000,Ireland,1.8090160303891913
exp_030,0.1,3000,Iceland,1.583527687147563
exp_030,0.1,3000,Austria,1.081601551983705
exp_030,0.1,3000,Denmark,0.9551842048561885
exp_030,0.1,3000,Sweden,0.8849155736065342
exp_030,0.1,3000,Italy,0.8531888542476787
exp_030,0.1,3000,Belgium,0.6810847407192973
exp_030,0.1,3000,Germany,0.5922540267745802
exp_030,0.1,3000,United Kingdom,0.3407948310658052
exp_030,0.1,3000,Finland,0.2104711717233357
exp_030,0.1,3000,Czech Republic,0.167265892590319
exp_030,0.1,3000,Spain,0.16378298667500513
exp_030,0.1,3000,Slovenia,-0.06733820462238377
exp_030,0.1,3000,Portugal,-0.526334501290338
exp_030,0.1,3000,Slovakia,-0.7829201999042561
exp_030,0.1,3000,Greece,-1.0000318257935703
exp_030,0.1,3000,Croatia,-1.2698090166548717
exp_030,0.1,3000,Hungary,-1.396853008123379
exp_030,0.1,3000,Poland,-1.4718183935781348
exp_030,0.1,3000,Lithuania,-1.53004532976296
exp_030,0.1,3000,Latvia,-2.3060596137060054
exp_030,0.1,3000,Estonia,-2.4876743291477075
exp_030,0.1,3000,Bulgaria,-2.60979475783419
exp_030,0.1,3000,Ukraine,-4.580824425614659
