experiment_id,learning_rate,epochs,variance_captured,explained_variance_ratio,final_step_change,similarity_to_baseline,distance_to_baseline,top_variables,top_positive_variables,top_negative_variables,top_countries_high,top_countries_low
exp_001,0.0001,25,0.7470931894111279,0.10672759848730398,0.0020965248384335064,0.28870504842918304,0.7112949515708169,"[""Military"", ""Pop.growth"", ""GDP""]","[""Life.expect"", ""Inflation"", ""Area""]","[""Military"", ""Pop.growth"", ""GDP""]","[""Ukraine"", ""Lithuania"", ""Latvia""]","[""Greece"", ""Luxembourg"", ""Norway""]"
exp_002,0.0001,50,0.8389911925992658,0.11985588465703798,0.0020336310123869722,0.332600239063871,0.6673997609361291,"[""Military"", ""Pop.growth"", ""GDP""]","[""Inflation"", ""Life.expect"", ""Area""]","[""Military"", ""Pop.growth"", ""GDP""]","[""Ukraine"", ""Latvia"", ""Lithuania""]","[""Greece"", ""Luxembourg"", ""Norway""]"
exp_003,0.0001,100,1.033504752731155,0.14764353610445072,0.001827442867436301,0.4150795811847411,0.5849204188152589,"[""Military"", ""Pop.growth"", ""GDP""]","[""Inflation"", ""Life.expect"", ""Area""]","[""Military"", ""Pop.growth"", ""GDP""]","[""Ukraine"", ""Latvia"", ""Lithuania""]","[""Luxembourg"", ""Greece"", ""Switzerland""]"
exp_004,0.0001,500,1.9275665509838356,0.27536665014054795,0.0002999484256441625,0.6987164189966053,0.3012835810033947,"[""Pop.growth"", ""GDP"", ""Military""]","[""Inflation"", ""Area"", ""Unemployment""]","[""Pop.growth"", ""GDP"", ""Military""]","[""Ukraine"", ""Latvia"", ""Lithuania""]","[""Luxembourg"", ""Switzerland"", ""Norway""]"
exp_005,0.0001,1000,2.0693669460233646,0.2956238494319092,2.4173867194200744e-05,0.7356399616517871,0.26436003834821287,"[""Pop.growth"", ""GDP"", ""Military""]","[""Inflation"", ""Area"", ""Unemployment""]","[""Pop.growth"", ""GDP"", ""Military""]","[""Ukraine"", ""Latvia"", ""Estonia""]","[""Luxembourg"", ""Switzerland"", ""Norway""]"
exp_006,0.0001,3000,2.081767821538776,0.297395403076968,1.0686018089266012e-09,0.7388007265270827,0.26119927347291727,"[""Pop.growth"", ""GDP"", ""Military""]","[""Inflation"", ""Area"", ""Unemployment""]","[""Pop.growth"", ""GDP"", ""Military""]","[""Ukraine"", ""Latvia"", ""Estonia""]","[""Luxembourg"", ""Switzerland"", ""Norway""]"
exp_007,0.001,25,2.3872141575562686,0.3410305939366098,0.030280487136803695,0.8136248403091229,0.18637515969087715,"[""Pop.growth"", ""GDP"", ""Inflation""]","[""Inflation"", ""Area"", ""Unemployment""]","[""Pop.growth"", ""GDP"", ""Military""]","[""Ukraine"", ""Latvia"", ""Estonia""]","[""Luxembourg"", ""Switzerland"", ""Norway""]"
exp_008,0.001,50,3.156354678038856,0.450907811148408,0.008952874075538665,0.9845069032064351,0.01549309679356492,"[""GDP"", ""Pop.growth"", ""Life.expect""]","[""Inflation"", ""Unemployment"", ""Area""]","[""GDP"", ""Pop.growth"", ""Life.expect""]","[""Ukraine"", ""Bulgaria"", ""Estonia""]","[""Luxembourg"", ""Switzerland"", ""Norway""]"
exp_009,0.001,100,3.2260830610673894,0.4608690087239128,0.0007139343604257764,0.9997644729462095,0.00023552705379048522,"[""GDP"", ""Life.expect"", ""Pop.growth""]","[""Inflation"", ""Unemployment"", ""Military""]","[""GDP"", ""Life.expect"", ""Pop.growth""]","[""Ukraine"", ""Bulgaria"", ""Estonia""]","[""Luxembourg"", ""Switzerland"", ""Norway""]"
exp_010,0.001,500,3.227165514777007,0.46102364496814385,4.681327519708941e-06,0.9999994858705467,5.141294533439478e-07,"[""GDP"", ""Life.expect"", ""Pop.growth""]","[""Inflation"", ""Unemployment"", ""Military""]","[""GDP"", ""Life.expect"", ""Pop.growth""]","[""Ukraine"", ""Bulgaria"", ""Estonia""]","[""Luxembourg"", ""Switzerland"", ""Norway""]"
exp_011,0.001,1000,3.2271656260119164,0.4610236608588452,6.918174119592301e-08,0.9999993627041146,6.372958853972932e-07,"[""GDP"", ""Life.expect"", ""Pop.growth""]","[""Inflation"", ""Unemployment"", ""Military""]","[""GDP"", ""Life.expect"", ""Pop.growth""]","[""Ukraine"", ""Bulgaria"", ""Estonia""]","[""Luxembourg"", ""Switzerland"", ""Norway""]"
exp_012,0.001,3000,3.2271656333079686,0.46102366190113836,2.5475433989578605e-12,0.9999993501946709,6.498053291004169e-07,"[""GDP"", ""Life.expect"", ""Pop.growth""]","[""Inflation"", ""Unemployment"", ""Military""]","[""GDP"", ""Life.expect"", ""Pop.growth""]","[""Ukraine"", ""Bulgaria"", ""Estonia""]","[""Luxembourg"", ""Switzerland"", ""Norway""]"
exp_013,0.01,25,3.2246873103561318,0.4606696157651617,0.027245717337105433,0.9994802712236511,0.0005197287763488712,"[""GDP"", ""Pop.growth"", ""Life.expect""]","[""Inflation"", ""Unemployment"", ""Military""]","[""GDP"", ""Pop.growth"", ""Life.expect""]","[""Ukraine"", ""Bulgaria"", ""Estonia""]","[""Luxembourg"", ""Switzerland"", ""Norway""]"
exp_014,0.01,50,3.2264948740377535,0.4609278391482505,0.01341841813341822,0.9998713858149795,0.0001286141850205258,"[""GDP"", ""Pop.growth"", ""Life.expect""]","[""Inflation"", ""Unemployment"", ""Military""]","[""GDP"", ""Pop.growth"", ""Life.expect""]","[""Ukraine"", ""Bulgaria"", ""Estonia""]","[""Luxembourg"", ""Switzerland"", ""Norway""]"
exp_015,0.01,100,3.2264140835845283,0.46091629765493264,0.014992806309084627,0.9998614348200778,0.00013856517992216766,"[""GDP"", ""Life.expect"", ""Pop.growth""]","[""Inflation"", ""Unemployment"", ""Military""]","[""GDP"", ""Life.expect"", ""Pop.growth""]","[""Ukraine"", ""Bulgaria"", ""Estonia""]","[""Luxembourg"", ""Switzerland"", ""Norway""]"
exp_016,0.01,500,3.2271622141182887,0.46102317344546984,0.0004121704550640648,1.0000000000000002,-2.220446049250313e-16,"[""GDP"", ""Life.expect"", ""Pop.growth""]","[""Inflation"", ""Unemployment"", ""Military""]","[""GDP"", ""Life.expect"", ""Pop.growth""]","[""Ukraine"", ""Bulgaria"", ""Estonia""]","[""Luxembourg"", ""Switzerland"", ""Norway""]"
exp_017,0.01,1000,3.2271656150797314,0.4610236592971045,1.8559974599249707e-06,0.9999993566860569,6.433139431161194e-07,"[""GDP"", ""Life.expect"", ""Pop.growth""]","[""Inflation"", ""Unemployment"", ""Military""]","[""GDP"", ""Life.expect"", ""Pop.growth""]","[""Ukraine"", ""Bulgaria"", ""Estonia""]","[""Luxembourg"", ""Switzerland"", ""Norway""]"
exp_018,0.01,3000,3.2271656555814956,0.4610236650830708,1.8402997164376375e-11,0.9999992971878661,7.028121339347493e-07,"[""GDP"", ""Life.expect"", ""Pop.growth""]","[""Inflation"", ""Unemployment"", ""Military""]","[""GDP"", ""Life.expect"", ""Pop.growth""]","[""Ukraine"", ""Bulgaria"", ""Estonia""]","[""Luxembourg"", ""Switzerland"", ""Norway""]"
exp_019,0.05,25,3.022692460577199,0.4318132086538856,0.2624569329244284,0.9551428689234299,0.04485713107657008,"[""Pop.growth"", ""GDP"", ""Life.expect""]","[""Military"", ""Inflation"", ""Unemployment""]","[""Pop.growth"", ""GDP"", ""Life.expect""]","[""Ukraine"", ""Bulgaria"", ""Estonia""]","[""Luxembourg"", ""Switzerland"", ""Ireland""]"
exp_020,0.05,50,3.1665950725096237,0.45237072464423195,0.25580100658157917,0.9896882124851346,0.01031178751486539,"[""Pop.growth"", ""Inflation"", ""GDP""]","[""Inflation"", ""Unemployment"", ""Military""]","[""Pop.growth"", ""GDP"", ""Life.expect""]","[""Ukraine"", ""Bulgaria"", ""Estonia""]","[""Switzerland"", ""Luxembourg"", ""Norway""]"
exp_021,0.05,100,3.135172373811952,0.4478817676874217,0.23875881617922043,0.980983804300956,0.019016195699044003,"[""Inflation"", ""Life.expect"", ""GDP""]","[""Inflation"", ""Unemployment"", ""Military""]","[""Life.expect"", ""GDP"", ""Pop.growth""]","[""Ukraine"", ""Estonia"", ""Latvia""]","[""Switzerland"", ""Luxembourg"", ""Norway""]"
exp_022,0.05,500,3.2271200130460125,0.4610171447208589,0.009170631004630975,0.9999845162226445,1.548377735549611e-05,"[""GDP"", ""Life.expect"", ""Pop.growth""]","[""Inflation"", ""Unemployment"", ""Military""]","[""GDP"", ""Life.expect"", ""Pop.growth""]","[""Ukraine"", ""Bulgaria"", ""Estonia""]","[""Luxembourg"", ""Switzerland"", ""Norway""]"
exp_023,0.05,1000,3.2271650180753175,0.46102357401075966,3.777308651828695e-05,0.9999993924677353,6.075322647181025e-07,"[""GDP"", ""Life.expect"", ""Pop.growth""]","[""Inflation"", ""Unemployment"", ""Military""]","[""GDP"", ""Life.expect"", ""Pop.growth""]","[""Ukraine"", ""Bulgaria"", ""Estonia""]","[""Luxembourg"", ""Switzerland"", ""Norway""]"
exp_024,0.05,3000,3.2271656297955387,0.4610236613993627,1.3256752820200682e-10,0.9999993548358891,6.451641109128659e-07,"[""GDP"", ""Life.expect"", ""Pop.growth""]","[""Inflation"", ""Unemployment"", ""Military""]","[""GDP"", ""Life.expect"", ""Pop.growth""]","[""Ukraine"", ""Bulgaria"", ""Estonia""]","[""Luxembourg"", ""Switzerland"", ""Norway""]"
exp_025,0.1,25,2.758110858953309,0.39401583699332987,0.49990955932017656,0.8955649766114047,0.10443502338859534,"[""Pop.growth"", ""Life.expect"", ""GDP""]","[""Pop.growth"", ""Life.expect"", ""GDP""]","[""Military"", ""Inflation"", ""Unemployment""]","[""Luxembourg"", ""Switzerland"", ""Ireland""]","[""Ukraine"", ""Bulgaria"", ""Estonia""]"
exp_026,0.1,50,2.9675160661489857,0.42393086659271223,0.5655439788310345,0.953589040584601,0.04641095941539897,"[""Inflation"", ""Pop.growth"", ""Unemployment""]","[""Pop.growth"", ""Life.expect"", ""GDP""]","[""Inflation"", ""Unemployment"", ""Military""]","[""Switzerland"", ""Luxembourg"", ""Norway""]","[""Ukraine"", ""Estonia"", ""Latvia""]"
exp_027,0.1,100,2.7671719925611966,0.3953102846515995,0.4526451611346861,0.898889280088558,0.10111071991144205,"[""Inflation"", ""Life.expect"", ""GDP""]","[""Life.expect"", ""GDP"", ""Pop.growth""]","[""Inflation"", ""Unemployment"", ""Military""]","[""Switzerland"", ""Norway"", ""Luxembourg""]","[""Ukraine"", ""Estonia"", ""Latvia""]"
exp_028,0.1,500,3.2253419561887022,0.460763136598386,0.029496457676095333,0.999535299529301,0.0004647004706990199,"[""GDP"", ""Pop.growth"", ""Life.expect""]","[""GDP"", ""Pop.growth"", ""Life.expect""]","[""Inflation"", ""Unemployment"", ""Military""]","[""Luxembourg"", ""Switzerland"", ""Norway""]","[""Ukraine"", ""Bulgaria"", ""Estonia""]"
exp_029,0.1,1000,3.2271626798341932,0.46102323997631334,0.00014481786028870867,0.9999989365733577,1.0634266423004135e-06,"[""GDP"", ""Life.expect"", ""Pop.growth""]","[""GDP"", ""Life.expect"", ""Pop.growth""]","[""Inflation"", ""Unemployment"", ""Military""]","[""Luxembourg"", ""Switzerland"", ""Norway""]","[""Ukraine"", ""Bulgaria"", ""Estonia""]"
exp_030,0.1,3000,3.227165623684921,0.46102366052641724,2.8107384386472207e-10,0.9999993672927143,6.327072856748828e-07,"[""GDP"", ""Life.expect"", ""Pop.growth""]","[""GDP"", ""Life.expect"", ""Pop.growth""]","[""Inflation"", ""Unemployment"", ""Military""]","[""Luxembourg"", ""Switzerland"", ""Norway""]","[""Ukraine"", ""Bulgaria"", ""Estonia""]"
